{
"Mesh_SICN_avg": 0.802566,
"Mesh_SICN_max": 0.933406,
"Mesh_SICN_med": 0.831477,
"Mesh_SICN_min": 0.457192,
"Mesh_SIGE_avg": 0.837338,
"Mesh_SIGE_max": 1,
"Mesh_SIGE_med": 0.847912,
"Mesh_SIGE_min": 0.457273,
"Mesh_edge_avg": 0.00173729,
"Mesh_edge_max": 0.00798484,
"Mesh_edge_med": 0.00146864,
"Mesh_edge_min": 0.000393868,
"Mesh_n_irregular": 2517,
"Mesh_n_quads": 7050,
"Mesh_n_regular": 3885,
"Mesh_n_val3": 2222,
"Mesh_n_val5": 241,
"Mesh_n_vertices": 7264,
"Mesh_n_very_irregular": 836
}
